Workbook

Sheet summary
A1: Fab | B1: BM Group | C1: User Demand (vcore) | I1: Server Requirement (Hardware) | O1: Server MoveIn (Hardware) | U1: Server Return (Hardware) | AA1: Server in-stock (Hardware)
C2: 20267' | D2: 2026'8 | E2: 2026'9 | F2: 2026'10 | G2: 2026'11 | H2: 2026'12 | I2: 20267' | J2: 2026'8 | K2: 2026'9 | L2: 2026'10 | M2: 2026'11 | N2: 2026'12 | O2: 20267' | P2: 2026'8 | Q2: 2026'9 | R2: 2026'10 | S2: 2026'11 | T2: 2026'12 | U2: 20267' | V2: 2026'8 | W2: 2026'9 | X2: 2026'10 | Y2: 2026'11 | Z2: 2026'12 | AA2: Current | AB2: 20267' | AC2: 2026'8 | AD2: 2026'9 | AE2: 2026'10 | AF2: 2026'11 | AG2: 2026'12
A3: A | B3: network1 | C3: =A!C5+A!C6 | D3: =A!D5+A!D6 | E3: =A!E5+A!E6 | F3: =A!F5+A!F6 | G3: =A!G5+A!G6 | H3: =A!H5+A!H6 | I3: =C3/(64*0.8) | J3: =D3/(64*0.8) | K3: =E3/(64*0.8) | L3: =F3/(64*0.8) | M3: =G3/(64*0.8) | N3: =H3/(64*0.8) | O3: 0 | P3: 35 | R3: 0 | S3: 0 | T3: 0 | U3: =A!M5+A!M6 | V3: =A!N5+A!N6 | W3: =A!O5+A!O6 | X3: =A!P5+A!P6 | Y3: =A!Q5+A!Q6 | Z3: =A!R5+A!R6 | AA3: 50 | AB3: =AA3+U3+O3-I3 | AC3: =AB3+V3+P3-J3 | AD3: =AC3+W3+Q3-K3 | AE3: =AD3+X3+R3-L3 | AF3: =AE3+Y3+S3-M3 | AG3: =AF3+Z3+T3-N3
A4: A | B4: network2 | C4: =A!C7+A!C8 | D4: =A!D7+A!D8 | E4: =A!E7+A!E8 | F4: =A!F7+A!F8 | G4: =A!G7+A!G8 | H4: =A!H7+A!H8 | I4: =C4/(64*0.8) | J4: =D4/(64*0.8) | K4: =E4/(64*0.8) | L4: =F4/(64*0.8) | M4: =G4/(64*0.8) | N4: =H4/(64*0.8) | O4: 0 | P4: 30 | Q4: 0 | R4: 0 | S4: 12 | T4: 0 | U4: =A!M7+A!M8 | V4: =A!N7+A!N8 | W4: =A!O7+A!O8 | X4: =A!P7+A!P8 | Y4: =A!Q7+A!Q8 | Z4: =A!R7+A!R8 | AA4: 32 | AB4: =AA4+U4+O4-I4 | AC4: =AB4+V4+P4-J4 | AD4: =AC4+W4+Q4-K4 | AE4: =AD4+X4+R4-L4 | AF4: =AE4+Y4+S4-M4 | AG4: =AF4+Z4+T4-N4
A5: B | B5: network1 | C5: =B!C5+B!C6 | D5: =B!D5+B!D6 | E5: =B!E5+B!E6 | F5: =B!F5+B!F6 | G5: =B!G5+B!G6 | H5: =B!H5+B!H6 | I5: =C5/(64*0.8) | J5: =D5/(64*0.8) | K5: =E5/(64*0.8) | L5: =F5/(64*0.8) | M5: =G5/(64*0.8) | N5: =H5/(64*0.8) | O5: 0 | P5: 0 | Q5: 0 | R5: 0 | S5: 0 | T5: 0 | U5: =B!M5+B!M6 | V5: =B!N5+B!N6 | W5: =B!O5+B!O6 | X5: =B!P5+B!P6 | Y5: =B!Q5+B!Q6 | Z5: =B!R5+B!R6 | AA5: 0 | AB5: =AA5+U5+O5-I5 | AC5: =AB5+V5+P5-J5 | AD5: =AC5+W5+Q5-K5 | AE5: =AD5+X5+R5-L5 | AF5: =AE5+Y5+S5-M5 | AG5: =AF5+Z5+T5-N5
A6: B | B6: network2 | C6: =B!C7+B!C8 | D6: =B!D7+B!D8 | E6: =B!E7+B!E8 | F6: =B!F7+B!F8 | G6: =B!G7+B!G8 | H6: =B!H7+B!H8 | I6: =C6/(64*0.8) | J6: =D6/(64*0.8) | K6: =E6/(64*0.8) | L6: =F6/(64*0.8) | M6: =G6/(64*0.8) | N6: =H6/(64*0.8) | O6: 0 | P6: 80 | Q6: 80 | R6: 0 | S6: 0 | T6: 0 | U6: =B!M7+B!M8 | V6: =B!N7+B!N8 | W6: =B!O7+B!O8 | X6: =B!P7+B!P8 | Y6: =B!Q7+B!Q8 | Z6: =B!R7+B!R8 | AA6: 0 | AB6: =AA6+U6+O6-I6 | AC6: =AB6+V6+P6-J6 | AD6: =AC6+W6+Q6-K6 | AE6: =AD6+X6+R6-L6 | AF6: =AE6+Y6+S6-M6 | AG6: =AF6+Z6+T6-N6
A7: C | B7: network1 | C7: ='C'!C5+'C'!C6 | D7: ='C'!D5+'C'!D6 | E7: ='C'!E5+'C'!E6 | F7: ='C'!F5+'C'!F6 | G7: ='C'!G5+'C'!G6 | H7: ='C'!H5+'C'!H6 | I7: =C7/(64*0.8) | J7: =D7/(64*0.8) | K7: =E7/(64*0.8) | L7: =F7/(64*0.8) | M7: =G7/(64*0.8) | N7: =H7/(64*0.8) | O7: 0 | P7: 10 | Q7: 0 | R7: 0 | S7: 0 | T7: ='C'!M5+'C'!M6 | U7: ='C'!M5+'C'!M6 | V7: ='C'!N5+'C'!N6 | W7: ='C'!O5+'C'!O6 | X7: ='C'!P5+'C'!P6 | Y7: ='C'!Q5+'C'!Q6 | Z7: ='C'!R5+'C'!R6 | AA7: 8 | AB7: =AA7+U7+O7-I7 | AC7: =AB7+V7+P7-J7 | AD7: =AC7+W7+Q7-K7 | AE7: =AD7+X7+R7-L7 | AF7: =AE7+Y7+S7-M7 | AG7: =AF7+Z7+T7-N7
A8: C | B8: network2 | C8: ='C'!C7+'C'!C8 | D8: ='C'!D7+'C'!D8 | E8: ='C'!E7+'C'!E8 | F8: ='C'!F7+'C'!F8 | G8: ='C'!G7+'C'!G8 | H8: ='C'!H7+'C'!H8 | I8: =C8/(64*0.8) | J8: =D8/(64*0.8) | K8: =E8/(64*0.8) | L8: =F8/(64*0.8) | M8: =G8/(64*0.8) | N8: =H8/(64*0.8) | O8: 0 | P8: 0 | Q8: 0 | R8: 0 | S8: 0 | T8: 0 | U8: ='C'!M7+'C'!M8 | V8: ='C'!N7+'C'!N8 | W8: ='C'!O7+'C'!O8 | X8: ='C'!P7+'C'!P8 | Y8: ='C'!Q7+'C'!Q8 | Z8: ='C'!R7+'C'!R8 | AA8: 21 | AB8: =AA8+U8+O8-I8 | AC8: =AB8+V8+P8-J8 | AD8: =AC8+W8+Q8-K8 | AE8: =AD8+X8+R8-L8 | AF8: =AE8+Y8+S8-M8 | AG8: =AF8+Z8+T8-N8

Sheet A
C3: User Demand (vcore) | M3: Server Return
C4: 20267' | D4: 2026'8 | E4: 2026'9 | F4: 2026'10 | G4: 2026'11 | H4: 2026'12 | M4: 20267' | N4: 2026'8 | O4: 2026'9 | P4: 2026'10 | Q4: 2026'11 | R4: 2026'12
A5: Product Apple | B5: network1 | C5: 512 | D5: 422 | E5: 333 | F5: 655 | G5: 444 | H5: 0 | K5: Product Apple | L5: network1 | M5: 0 | N5: 0 | O5: 52 | P5: 0 | Q5: 0 | R5: 0
A6: Product Banana | B6: network1 | C6: 358 | D6: 563 | E6: 222 | F6: 0 | G6: 0 | H6: 451 | K6: Product Banana | L6: network1 | M6: 0 | N6: 12 | O6: 0 | P6: 0 | Q6: 0 | R6: 0
A7: Product Banana | B7: network2 | C7: 214 | D7: 547 | E7: 0 | F7: 0 | G7: 0 | H7: 423 | K7: Product Banana | L7: network2 | M7: 0 | N7: 33 | O7: 11 | P7: 0 | Q7: 0 | R7: 0
A8: Product Banana | B8: network2 | C8: 889 | D8: 244 | E8: 0 | F8: 0 | G8: 0 | H8: 855 | K8: Product Banana | L8: network2 | M8: 0 | N8: 0 | O8: 0 | P8: 0 | Q8: 0 | R8: 22

Sheet B
C3: User Demand (vcore) | M3: Server Return
C4: 20267' | D4: 2026'8 | E4: 2026'9 | F4: 2026'10 | G4: 2026'11 | H4: 2026'12 | M4: 20267' | N4: 2026'8 | O4: 2026'9 | P4: 2026'10 | Q4: 2026'11 | R4: 2026'12
A5: Product Apple | B5: network1 | C5: 121 | D5: 445 | E5: 222 | F5: 552 | G5: 124 | H5: 0 | K5: Product Apple | L5: network1 | M5: 0 | N5: 0 | O5: 33 | P5: 0 | Q5: 0 | R5: 0
A6: Product Banana | B6: network1 | C6: 256 | D6: 3215 | E6: 0 | F6: 0 | G6: 0 | H6: 214 | K6: Product Banana | L6: network1 | M6: 0 | N6: 52 | O6: 0 | P6: 0 | Q6: 0 | R6: 0
A7: Product Banana | B7: network2 | C7: 0 | D7: 0 | E7: 0 | F7: 0 | G7: 0 | H7: 255 | K7: Product Banana | L7: network2 | M7: 0 | N7: 12 | O7: 57 | P7: 0 | Q7: 0 | R7: 3
A8: Product Banana | B8: network2 | C8: 255 | D8: 314 | E8: 0 | F8: 0 | G8: 0 | H8: 688 | K8: Product Banana | L8: network2 | M8: 0 | N8: 42 | O8: 0 | P8: 58 | Q8: 0 | R8: 0

Sheet C
C3: User Demand (vcore) | M3: Server Return
C4: 20267' | D4: 2026'8 | E4: 2026'9 | F4: 2026'10 | G4: 2026'11 | H4: 2026'12 | M4: 20267' | N4: 2026'8 | O4: 2026'9 | P4: 2026'10 | Q4: 2026'11 | R4: 2026'12
A5: Product Apple | B5: network1 | C5: 95 | D5: 89 | E5: 0 | F5: 0 | G5: 862 | H5: 0 | K5: Product Apple | L5: network1 | M5: 0 | N5: 0 | O5: 0 | P5: 0 | Q5: 24 | R5: 0
A6: Product Banana | B6: network1 | C6: 44 | D6: 22 | E6: 421 | F6: 0 | G6: 0 | H6: 144 | K6: Product Banana | L6: network1 | M6: 0 | N6: 5 | O6: 55 | P6: 0 | Q6: 0 | R6: 0
A7: Product Banana | B7: network2 | C7: 331 | D7: 547 | E7: 0 | F7: 0 | G7: 0 | H7: 253 | K7: Product Banana | L7: network2 | M7: 0 | N7: 0 | O7: 52 | P7: 0 | Q7: 33 | R7: 0
A8: Product Banana | B8: network2 | C8: 1024 | D8: 3148 | E8: 0 | F8: 0 | G8: 0 | H8: 255 | K8: Product Banana | L8: network2 | M8: 12 | N8: 0 | O8: 0 | P8: 0 | Q8: 0 | R8: 8
